frame_count,time_sec,id,conf,landmarks
0,0.0,,0.0,0
2,0.04,,0.0,0
4,0.08,,0.0,0
6,0.12,,0.0,0
8,0.16,,0.0,0
10,0.2,,0.0,0
12,0.24,,0.0,0
14,0.28,,0.0,0
16,0.32,,0.0,0
18,0.36,,0.0,0
20,0.4,,0.0,0
22,0.44,,0.0,0
24,0.48,,0.0,0
26,0.52,,0.0,0
28,0.56,,0.0,0
30,0.6,,0.0,0
32,0.64,,6.840114110673312e-07,"[[     80.406      546.21]
 [     104.18      479.86]
 [     86.446      563.18]
 [     51.912      503.32]
 [     26.446      503.55]
 [     68.162       487.3]
 [     40.805       480.4]
 [     56.454      510.44]
 [     116.58      458.88]
 [     83.968      483.23]
 [     91.665      457.99]
 [     107.69      487.71]
 [     52.189      516.99]
 [     72.679      506.75]
 [     43.734      525.16]
 [     87.135      510.28]
 [     76.611      538.05]
 [     81.572      543.51]
 [     99.732       551.6]
 [     119.42      548.34]
 [     76.455      553.98]
 [     61.287      573.74]
 [     44.015      487.06]
 [     16.791       439.8]
 [    -14.508      383.54]
 [     46.361      393.96]
 [     90.927      414.78]
 [     171.87      454.97]
 [     156.36      396.62]
 [     124.14      332.89]
 [     104.55      392.38]
 [     94.818      429.15]
 [     5.1585      552.47]
 [     44.003      547.51]
 [     104.73       523.6]
 [     128.03      503.47]
 [     42.949      496.81]
 [     53.456      492.74]
 [      43.95      488.66]
 [     103.85      467.82]
 [     97.735       478.3]
 [     95.357      465.56]
 [     29.506      534.56]
 [     103.93      505.26]
 [     53.313       529.5]
 [     79.185      515.07]
 [     27.515      572.45]
 [     131.41      523.61]]"
32,0.64,,1.4147686897558742e-06,"[[     110.42      424.15]
 [     89.558      419.23]
 [     86.446      407.62]
 [     95.788      375.83]
 [     59.875      393.49]
 [     107.16      353.21]
 [     28.022       384.2]
 [     122.41      328.65]
 [      20.25      446.66]
 [      165.1      375.55]
 [     27.097      479.18]
 [     188.02       432.4]
 [     51.406      508.69]
 [     192.13      486.34]
 [     72.766      435.72]
 [     64.988      424.85]
 [     64.375      481.87]
 [     97.409      468.48]
 [     33.186      483.57]
 [     128.93      462.27]
 [     48.457      472.42]
 [     109.37      452.84]
 [       50.1      491.66]
 [      116.6      476.71]
 [     62.074      481.95]
 [     65.377      518.18]
 [     49.228      525.65]
 [     82.481      517.13]
 [     44.504      490.09]
 [     83.164      477.52]
 [      60.24       521.6]
 [     126.28      503.51]
 [     67.536      538.88]
 [     49.606      544.76]
 [     89.305       532.7]
 [     76.138      560.07]
 [     40.576      562.01]
 [     120.27      534.89]
 [     80.102      570.84]
 [     33.217      585.96]
 [      172.7      547.73]
 [     85.077       581.6]
 [      90.18      585.97]
 [     64.323      599.54]
 [     133.41      576.57]
 [     83.585      576.35]]"
34,0.68,,0.0,0
36,0.72,,0.0,0
38,0.76,,0.0,0
42,0.84,,0.0,0
44,0.88,,0.0,0
46,0.92,,0.0,0
48,0.96,,0.0,0
50,1.0,,0.0,0
52,1.04,,0.0,0
54,1.08,,0.0,0
56,1.12,,0.0,0
58,1.16,,0.0,0
60,1.2,,0.0,0
62,1.24,,0.0,0
64,1.28,,0.0,0
66,1.32,,0.0,0
68,1.36,,0.0,0
70,1.4,,0.0,0
72,1.44,,1.1267182326024638e-10,"[[    -45.896      267.18]
 [    -1.1319      210.85]
 [    -71.874      291.18]
 [     3.7175      255.44]
 [    -100.66      295.93]
 [     10.535      320.63]
 [    -147.76      288.75]
 [      32.77      388.79]
 [    -173.51      299.22]
 [     36.408      318.29]
 [    -163.45      296.98]
 [     25.325      241.67]
 [    -153.57       292.9]
 [     1.9391       192.3]
 [    -58.786      195.89]
 [    -47.775      213.97]
 [    -67.427      244.29]
 [    -28.341      247.53]
 [    -97.608      244.49]
 [    -3.1366      244.22]
 [    -81.129      234.23]
 [     -16.53      236.42]
 [    -81.768      255.88]
 [    -13.008      254.56]
 [    -41.897      220.46]
 [    -19.057      257.76]
 [    -42.295      264.71]
 [   0.089261      262.06]
 [    -66.532         226]
 [     -14.66      223.59]
 [    -81.201      287.95]
 [    -11.957      276.76]
 [    -15.273      286.99]
 [    -39.688      289.19]
 [    0.48765      288.22]
 [    -18.762      307.43]
 [    -69.736      294.37]
 [     13.317      282.71]
 [    -19.071      325.75]
 [    -109.93      334.21]
 [      23.95      295.89]
 [    -18.411      357.43]
 [    -16.689       367.4]
 [    -67.948      367.49]
 [     12.524      352.21]
 [    -16.661      358.63]]"
74,1.48,,2.2296119084330712e-07,"[[    -16.087      308.74]
 [     42.306      222.73]
 [    -39.106      309.02]
 [     60.677      288.64]
 [    -70.981      304.86]
 [     74.731      360.79]
 [    -130.85      305.51]
 [     111.51      432.87]
 [    -144.82      345.26]
 [     153.75      354.55]
 [    -119.42      352.72]
 [     101.56      261.66]
 [    -88.701      362.27]
 [     43.372      188.09]
 [    -15.586      209.95]
 [     2.0021      211.79]
 [    -20.145      256.49]
 [     18.733      256.84]
 [    -50.162      255.25]
 [     43.487      253.42]
 [    -33.758      246.26]
 [     31.325       245.9]
 [    -36.048      268.34]
 [      33.45      264.15]
 [    -10.072      280.81]
 [       30.4      302.44]
 [     6.2302      312.07]
 [     41.881      305.91]
 [    -31.159      290.33]
 [     5.2304      279.64]
 [    -36.339      297.04]
 [     36.946      289.89]
 [     32.947      323.13]
 [      12.48      329.28]
 [     42.014      324.93]
 [     29.933      339.62]
 [    -21.192      344.34]
 [     41.558      318.45]
 [     29.058       356.8]
 [    -54.806      373.84]
 [     47.778      334.94]
 [     27.961      366.06]
 [      30.31      376.23]
 [    -4.7034      388.87]
 [      45.94      367.81]
 [     30.929      380.32]]"
76,1.52,,4.466565223992802e-05,"[[    -1.8144      287.05]
 [     49.197      230.17]
 [    -24.597      300.78]
 [     64.535      288.02]
 [    -49.558      312.82]
 [     76.737      351.81]
 [    -109.31      329.32]
 [     120.59      416.87]
 [    -122.94      344.35]
 [     136.77       343.2]
 [    -99.719      329.69]
 [      91.81      264.04]
 [    -57.958      320.07]
 [     48.267      197.86]
 [    -8.1957      201.54]
 [     2.8039      204.11]
 [    -14.524      242.68]
 [      17.91      243.33]
 [    -39.681      242.49]
 [     42.053       240.1]
 [    -25.762      233.72]
 [     29.206       231.5]
 [    -27.022      252.41]
 [     31.923      251.59]
 [   -0.15295      272.85]
 [     23.855      296.82]
 [     3.6929      301.69]
 [     37.971      300.55]
 [    -19.164       280.8]
 [     16.556      275.05]
 [    -26.806      278.39]
 [     33.132      270.53]
 [     25.861      317.61]
 [     5.4511      321.46]
 [     37.552      320.82]
 [     22.589      333.32]
 [    -22.776      332.94]
 [     42.089      315.52]
 [     21.726      352.32]
 [    -58.362      362.36]
 [     49.552       323.9]
 [     22.105      353.85]
 [     23.666      371.15]
 [    -15.297       383.1]
 [     46.391      366.37]
 [     24.576      367.39]]"
78,1.56,,3.6528660984913586e-07,"[[    -3.7823      264.86]
 [     19.841      217.91]
 [    -23.464      262.14]
 [     40.706       203.2]
 [    -59.938      249.83]
 [     77.247      218.03]
 [    -118.45      246.72]
 [     103.82      265.23]
 [    -131.46      301.39]
 [     81.143      267.22]
 [    -107.41      324.33]
 [     60.455      275.76]
 [    -78.116      334.24]
 [     52.721      263.18]
 [     -5.663       198.4]
 [     3.6044      194.21]
 [    -9.1244      241.87]
 [     24.001      233.18]
 [    -31.653      245.86]
 [     46.466       229.3]
 [    -21.365      235.27]
 [     33.025      219.94]
 [    -19.088      251.48]
 [     37.796      240.79]
 [     2.2118      258.85]
 [     24.571      288.58]
 [     5.5975      294.51]
 [     37.847      290.04]
 [    -14.507       267.3]
 [      17.97      260.54]
 [    -16.898      273.97]
 [     44.604      259.31]
 [     29.195      308.89]
 [     11.187      312.49]
 [     37.959      309.27]
 [     25.109      319.42]
 [     -4.292         314]
 [      42.51      295.32]
 [     26.758      340.39]
 [    -32.882      343.37]
 [     61.921      306.68]
 [     26.153      334.06]
 [     28.651      353.35]
 [     3.7912      362.84]
 [     59.015      347.67]
 [     27.833      345.43]]"
80,1.6,,2.3224137456895333e-12,"[[    -19.217      263.73]
 [     5.7341      238.58]
 [    -45.982      250.06]
 [     17.285      214.14]
 [    -81.356      235.81]
 [     39.383      199.54]
 [     -137.9      222.19]
 [     63.113      201.53]
 [    -143.48      280.88]
 [     65.354      243.58]
 [    -126.47      308.15]
 [     63.781       279.5]
 [    -109.72      327.13]
 [     69.067      297.07]
 [    -27.871      166.41]
 [    -17.398      175.02]
 [    -33.966      216.09]
 [     5.0957      212.49]
 [    -67.406      220.51]
 [     34.773      201.42]
 [    -50.881      206.45]
 [     17.022       194.2]
 [     -48.84      229.73]
 [     24.818      216.24]
 [    -11.721       216.1]
 [     3.1603      246.38]
 [    -16.302      251.29]
 [     18.572      248.09]
 [    -30.887      224.52]
 [     10.303       215.6]
 [    -43.938      261.86]
 [     28.817      237.57]
 [      8.302      267.64]
 [    -13.059      273.57]
 [     22.445      266.97]
 [     7.2931      282.46]
 [    -33.876      284.75]
 [     35.871      264.27]
 [     9.9086      295.89]
 [    -59.556      330.48]
 [     57.323      292.02]
 [     19.804      332.49]
 [     25.088      345.63]
 [    -18.317      331.82]
 [     42.749      311.75]
 [     22.228      325.32]]"
82,1.64,,3.665852343903708e-11,"[[     7.6182      192.84]
 [     31.983      222.31]
 [    -15.369      279.66]
 [     62.098      199.76]
 [    -20.769      353.27]
 [     102.27      209.35]
 [    -75.135      435.68]
 [     122.05      245.02]
 [    -131.08      348.57]
 [     100.12      273.43]
 [    -103.89      254.58]
 [     79.063      281.27]
 [    -16.707      189.34]
 [     73.277      290.48]
 [     10.488      170.82]
 [     18.027      176.97]
 [      -4.19       221.1]
 [      37.84      214.85]
 [    -29.599      225.46]
 [     66.182      207.48]
 [    -18.041      213.59]
 [     49.728      200.86]
 [    -14.964      231.69]
 [     56.084      221.55]
 [     30.376       208.1]
 [     30.412      244.15]
 [     14.156      247.37]
 [     45.618      247.17]
 [     10.754      213.02]
 [      52.42      210.49]
 [    -10.775      256.72]
 [     60.685      244.32]
 [     31.434      267.53]
 [      14.42      267.21]
 [     45.741       264.8]
 [     31.523      279.65]
 [     4.7675      272.92]
 [     68.033      254.29]
 [     34.015      295.71]
 [    -20.687      300.13]
 [     100.36      278.26]
 [     41.018      313.64]
 [     45.055         326]
 [     6.7948      325.69]
 [     78.502      317.59]
 [     38.754      312.82]]"
88,1.76,,2.9244544563766794e-09,"[[     21.645      220.84]
 [     26.891      232.88]
 [    -11.559      217.57]
 [     50.941      206.12]
 [    -43.829       213.3]
 [      76.47       171.9]
 [    -83.955      211.98]
 [     110.29      147.29]
 [    -79.681      249.51]
 [     129.96      197.78]
 [    -64.917      267.68]
 [     122.57      248.27]
 [     -40.65      279.63]
 [     100.45      304.86]
 [     17.007      178.11]
 [      17.84      188.63]
 [     1.9971      226.05]
 [     39.756      221.42]
 [    -18.083      230.54]
 [     60.605       214.5]
 [    -10.265      220.14]
 [      48.77      209.68]
 [    -6.5891      236.89]
 [     54.622      225.32]
 [     28.235      229.49]
 [     24.095      259.72]
 [     11.335      263.33]
 [     37.151      259.72]
 [     14.815      234.93]
 [     45.286      228.35]
 [    -5.2934      258.66]
 [     57.759      246.16]
 [     23.591       275.7]
 [     10.434      279.16]
 [     40.865      273.41]
 [     29.366      290.65]
 [     6.1439      286.93]
 [     60.905      277.42]
 [       31.4      295.88]
 [    0.84923      320.12]
 [     101.55      299.48]
 [     35.555      304.82]
 [     39.498      309.45]
 [     17.228      318.07]
 [     72.814      306.27]
 [     33.936      304.78]]"
90,1.8,,1.2389013148705885e-09,"[[     29.551      238.31]
 [     43.349      235.26]
 [    -2.6902      232.68]
 [     67.966      203.56]
 [    -35.343      227.08]
 [     92.482      172.25]
 [     -76.56      232.24]
 [     127.06      153.64]
 [    -62.482      277.82]
 [     141.47      209.93]
 [    -34.467      304.25]
 [     129.95      263.24]
 [    -13.623      316.66]
 [     107.08      308.96]
 [     47.977      147.11]
 [      33.54      153.57]
 [     39.928      194.32]
 [     64.851      186.84]
 [     13.905      206.34]
 [     86.274      176.16]
 [     22.779      191.89]
 [     71.723      173.17]
 [     30.204      210.01]
 [     80.393      189.34]
 [     66.107      187.83]
 [     61.357      218.39]
 [      44.88      224.69]
 [     81.758      217.37]
 [     46.683      196.01]
 [     87.677      186.42]
 [     36.577      231.69]
 [     89.467      211.95]
 [      65.15      236.69]
 [     46.911      242.02]
 [       85.4      231.33]
 [     69.977      250.41]
 [     35.462         254]
 [        109      239.46]
 [      74.61       265.6]
 [     38.047      285.12]
 [     152.78      252.37]
 [     78.335      283.31]
 [     83.423      295.04]
 [     51.158      286.92]
 [     120.31      274.94]
 [     75.748      277.39]]"
92,1.84,,2.2877366667728438e-10,"[[      36.05      250.97]
 [     55.192      240.59]
 [     6.0366      242.44]
 [     80.347      210.86]
 [     -25.87      233.81]
 [     104.18      180.61]
 [    -61.431       233.8]
 [     138.84      162.66]
 [    -52.743      275.14]
 [     152.75      217.92]
 [    -32.393       305.5]
 [     138.83      268.36]
 [    -16.366      319.81]
 [        118      316.68]
 [     59.321      149.44]
 [     48.642      150.94]
 [      45.61      199.43]
 [     76.619      190.03]
 [     19.919      207.25]
 [     97.334      183.69]
 [     30.335      194.94]
 [     85.199       179.6]
 [      35.84      213.77]
 [     89.775      194.99]
 [     76.981      200.05]
 [     73.556      220.81]
 [      58.35      228.35]
 [     92.369      222.58]
 [     59.798      206.15]
 [     95.885      199.34]
 [     39.467      238.17]
 [     98.168      219.35]
 [     75.118      238.86]
 [     58.356      242.06]
 [     92.852      235.39]
 [     78.275      250.44]
 [     45.945      253.69]
 [     113.32      243.35]
 [     82.332      264.74]
 [     52.977      290.66]
 [     158.62      269.45]
 [     88.892      290.16]
 [      93.88      301.48]
 [     63.924      290.83]
 [     129.08      280.72]
 [     85.646      280.13]]"
94,1.88,,7.620067354885407e-10,"[[     38.471      262.87]
 [     60.646      248.64]
 [     4.8761      250.75]
 [     91.325      218.51]
 [    -28.799       242.9]
 [     114.41      185.16]
 [    -67.637      239.17]
 [     148.69       164.5]
 [    -60.793      286.93]
 [     166.34      219.79]
 [    -39.627      317.93]
 [     151.15      276.78]
 [    -23.646      335.02]
 [     130.82      327.82]
 [     63.279       173.4]
 [     58.069       186.8]
 [     46.378      228.25]
 [      83.68      219.47]
 [     18.184      233.95]
 [      106.1       210.5]
 [     29.012      220.65]
 [     91.828      206.02]
 [     33.704      240.44]
 [     99.847      222.65]
 [     76.966      219.24]
 [     71.319      250.14]
 [     55.087       255.7]
 [     90.872      252.37]
 [     56.058      223.96]
 [      98.28      217.82]
 [     38.736      266.16]
 [     107.84      243.07]
 [     74.854      268.66]
 [     55.008      271.66]
 [     94.667      264.47]
 [     77.974      285.63]
 [     38.585      277.78]
 [     121.59      269.43]
 [     81.358      296.71]
 [     37.029      307.96]
 [     157.17      291.47]
 [     84.744      309.95]
 [     88.239      319.75]
 [     57.078      320.39]
 [     134.99      306.31]
 [     78.429       304.3]]"
96,1.92,,4.73529398732353e-05,"[[     30.487      288.17]
 [     80.179      245.42]
 [    -9.3023      275.86]
 [     109.92      207.68]
 [    -44.259      267.46]
 [     141.17       179.9]
 [    -93.137      259.36]
 [     170.76      175.35]
 [    -85.555      314.56]
 [     180.04      222.37]
 [    -68.426      349.03]
 [     170.94      277.67]
 [    -59.021      373.74]
 [     152.55      314.71]
 [     28.177      284.34]
 [     54.164      269.11]
 [     32.005      331.88]
 [     92.493      310.59]
 [     3.3647      343.43]
 [     123.88      297.65]
 [     14.327      327.79]
 [     105.39      293.78]
 [     20.448      347.36]
 [     112.75      314.67]
 [     50.263      329.34]
 [     59.678       368.1]
 [     40.815      377.33]
 [     77.987      365.64]
 [     28.701      346.09]
 [     73.048      326.34]
 [     29.251      371.03]
 [      124.8      337.14]
 [     64.371      387.31]
 [     47.697      394.34]
 [     83.917      381.49]
 [     75.454      410.17]
 [     28.468      405.36]
 [     104.47      374.63]
 [     79.197      417.53]
 [     9.9567      427.32]
 [     136.06      365.26]
 [     85.426      429.04]
 [     92.476      438.38]
 [     49.567      447.83]
 [     122.19      409.59]
 [      77.21      418.77]]"
98,1.96,,3.519926394801587e-06,"[[     107.69      388.58]
 [     136.07      312.81]
 [     112.23      401.36]
 [     45.428       333.7]
 [     18.846      328.81]
 [     66.145      324.04]
 [     40.196      316.19]
 [     50.051      341.12]
 [     151.47      284.62]
 [     111.52       328.4]
 [     124.17      290.95]
 [     143.27      324.78]
 [     81.219      353.93]
 [     104.84      341.62]
 [     71.833      363.69]
 [     116.81      348.62]
 [     100.88      380.04]
 [     104.59      383.13]
 [     131.94      390.61]
 [     159.02      377.63]
 [     96.504      406.05]
 [     71.032      426.93]
 [     39.743      314.89]
 [     19.795      288.94]
 [    -17.701      242.41]
 [     33.965      237.56]
 [     81.476      236.31]
 [     105.62       274.4]
 [     130.13       202.3]
 [     179.27      148.41]
 [     201.52      237.45]
 [     206.31      306.96]
 [     5.5378      401.56]
 [     61.509      398.38]
 [     143.76      356.46]
 [      162.6      321.26]
 [     41.933      326.16]
 [      45.97       325.9]
 [     40.335       327.3]
 [     132.34      297.78]
 [     122.72      311.88]
 [     132.56      300.33]
 [     47.462      382.45]
 [     136.23      334.84]
 [     88.105      362.31]
 [     111.62      353.57]
 [     29.694       428.3]
 [     175.07      346.52]]"
100,2.0,,4.386928139865631e-06,"[[     127.21      398.98]
 [     143.64      328.34]
 [     134.21       412.7]
 [     68.697      354.67]
 [     42.725      346.27]
 [     89.219      343.63]
 [     60.336      325.81]
 [     72.459      364.59]
 [     162.65      310.76]
 [     126.83      335.56]
 [     138.41      315.38]
 [     148.34      340.03]
 [     107.61      367.33]
 [     129.91      358.93]
 [     107.42      374.74]
 [     145.92      363.64]
 [     127.37      393.42]
 [     137.33      404.27]
 [      153.4      411.02]
 [     185.66      411.52]
 [     124.83      415.34]
 [     100.26      433.59]
 [     44.137      344.63]
 [     16.234      309.53]
 [    -32.481      238.98]
 [     25.602      255.45]
 [     72.412      262.89]
 [      120.9      255.04]
 [     140.45      202.82]
 [     191.99      150.93]
 [     188.78       226.4]
 [      197.8      288.29]
 [     52.255       392.9]
 [     88.469      402.21]
 [     174.61      379.09]
 [     194.38         354]
 [     59.608      345.24]
 [     72.326      343.08]
 [     62.324      334.71]
 [     144.43      323.56]
 [     136.01      331.39]
 [     138.99      320.29]
 [     80.955      385.94]
 [     168.06      357.95]
 [     113.78      378.81]
 [     135.83      372.38]
 [      65.42      421.89]
 [     206.93      379.95]]"
102,2.04,,0.9038611650466919,"[[     147.01      425.27]
 [      173.4      314.96]
 [     153.13      439.08]
 [     70.334      350.95]
 [     38.525      347.51]
 [     86.105      336.07]
 [     57.482      323.04]
 [     73.986      356.93]
 [     187.14      291.45]
 [     152.46      327.88]
 [        161      298.57]
 [     182.14      326.99]
 [     115.79      378.79]
 [     139.38      370.87]
 [     110.99      395.44]
 [     154.37      366.27]
 [     151.17      407.86]
 [     152.49      420.45]
 [     166.62       425.1]
 [        188      425.52]
 [     134.18      430.28]
 [     109.16      453.01]
 [       15.3      361.96]
 [    -17.407      296.34]
 [    -56.834       230.5]
 [      16.11      249.24]
 [     57.186      270.83]
 [     135.18      265.67]
 [     155.78      215.11]
 [     199.32      158.06]
 [     196.84      234.72]
 [        212       289.1]
 [     70.744       418.5]
 [      107.5      416.26]
 [     166.96      397.14]
 [     198.76      361.98]
 [     57.092      339.44]
 [     75.271      339.21]
 [     59.893      332.94]
 [     172.05      306.23]
 [     163.55       315.7]
 [     169.94      307.52]
 [     91.067      400.17]
 [     173.17      363.81]
 [     121.85       402.9]
 [     143.96      385.68]
 [     74.202      443.64]
 [     203.02      402.04]]"
104,2.08,,0.6214008331298828,"[[     172.04      440.12]
 [     175.72      329.09]
 [     176.53      453.04]
 [     61.677      365.77]
 [     37.954      362.11]
 [     79.162      356.31]
 [     53.138      348.83]
 [     65.853       369.6]
 [     189.91      310.25]
 [     156.42      336.85]
 [     163.33      313.67]
 [     182.86       338.6]
 [     135.51      396.67]
 [     153.47      384.63]
 [     135.01      412.12]
 [      179.9      389.32]
 [      172.3       432.4]
 [     173.96      441.69]
 [     184.15      449.45]
 [     208.42      443.12]
 [     164.41      454.15]
 [     131.35      474.86]
 [      20.68       379.9]
 [    -16.905      310.79]
 [    -55.018      247.72]
 [     11.004      263.35]
 [     66.311       298.5]
 [     138.98      276.95]
 [     159.02      228.43]
 [     192.68      172.07]
 [     193.52      246.27]
 [     216.11      298.84]
 [     83.088      442.29]
 [     119.92      446.45]
 [     186.92      417.31]
 [     220.21      382.93]
 [     51.366      362.84]
 [     65.586      357.42]
 [     53.627      354.71]
 [     175.33      320.52]
 [     167.61      329.52]
 [     167.12      317.12]
 [     108.75      422.83]
 [     201.26      383.47]
 [     147.17      413.94]
 [     170.35      407.67]
 [      94.28       469.7]
 [     224.13       429.5]]"
106,2.12,,0.04158821329474449,"[[     220.86      470.41]
 [     235.51      357.47]
 [     228.05      488.14]
 [     93.199      377.14]
 [     69.829      373.16]
 [     110.55      367.06]
 [     86.778      352.66]
 [     96.873      385.54]
 [     263.75      340.34]
 [     219.21      356.61]
 [     231.36      331.31]
 [     238.82      370.81]
 [     196.16      435.57]
 [     223.53      423.93]
 [     191.77       446.3]
 [     232.34      424.64]
 [      216.1       461.3]
 [     227.44      474.17]
 [     242.76       478.1]
 [     265.28      476.26]
 [     210.74      486.05]
 [      175.3      521.19]
 [      24.16       382.3]
 [    -10.534      303.05]
 [    -51.444      214.07]
 [     25.342      252.08]
 [     84.926      298.25]
 [     199.23      291.17]
 [     209.25      250.82]
 [      251.4      172.63]
 [     234.11      250.37]
 [     224.18      311.38]
 [     101.94      477.81]
 [     173.73      477.43]
 [     252.21      453.48]
 [     287.24      410.79]
 [     82.783      371.09]
 [     99.512      367.13]
 [      86.04      359.24]
 [     236.97      340.13]
 [     229.31      354.23]
 [      235.8      342.26]
 [     145.58      460.99]
 [     250.56       413.1]
 [     199.37      451.76]
 [     224.36      440.31]
 [     134.87      515.21]
 [     286.12       448.4]]"
108,2.16,,0.003564290003851056,"[[     236.43      451.31]
 [     226.53      339.73]
 [     240.06      469.55]
 [     105.34      384.86]
 [     77.078      383.37]
 [     121.83      372.56]
 [      92.77       359.5]
 [     111.63      393.93]
 [     244.37      323.58]
 [     204.55      347.06]
 [     215.54      321.55]
 [      233.7      351.57]
 [     209.46      408.61]
 [     232.55      396.39]
 [     196.55      426.02]
 [     239.14      391.34]
 [     231.75      433.73]
 [     234.25      445.02]
 [     256.72       451.1]
 [     292.44      438.46]
 [     218.66       461.4]
 [     184.38      500.31]
 [     54.952      379.01]
 [     23.392      307.97]
 [    -23.104      249.89]
 [      47.59      272.66]
 [      103.5      306.78]
 [     199.55      285.29]
 [     219.11      244.58]
 [     250.16      181.99]
 [     246.89      252.34]
 [     253.97      315.29]
 [     125.96      475.68]
 [     186.05      461.87]
 [     266.08       416.9]
 [     279.67      394.91]
 [      93.04      380.21]
 [     109.11       374.5]
 [     94.711      368.79]
 [     228.12      330.76]
 [     216.92      340.57]
 [     224.59      328.73]
 [     173.35      442.56]
 [     251.91      390.71]
 [     213.96      426.38]
 [     231.39      411.81]
 [      147.7      510.34]
 [     292.47      415.86]]"
112,2.24,,0.011290042661130428,"[[     138.53      437.41]
 [     217.34      370.08]
 [      137.8      452.51]
 [     98.729      361.81]
 [     75.957      346.86]
 [     125.25      361.78]
 [     101.18      340.32]
 [     98.311      370.33]
 [     242.19      354.13]
 [     189.02      363.73]
 [     211.32      339.57]
 [      216.2      380.22]
 [     136.62      394.07]
 [     156.05      396.75]
 [     128.27      404.13]
 [     165.68      409.86]
 [     138.07      428.18]
 [      141.1      441.15]
 [     159.46      454.45]
 [     182.57      462.26]
 [     118.53      455.49]
 [     89.701      467.18]
 [     41.868      345.13]
 [     34.615      279.16]
 [     26.579      200.93]
 [     73.924      237.93]
 [     116.63         281]
 [      191.5       274.6]
 [     236.42      246.27]
 [     302.69      209.21]
 [      287.4      278.18]
 [     279.74      324.52]
 [     57.037      416.12]
 [     97.483      428.65]
 [     188.26      432.68]
 [     222.94      404.11]
 [     95.751      351.81]
 [     106.27      355.72]
 [     95.431      349.73]
 [     217.87      352.58]
 [     204.58      362.04]
 [     216.59      354.08]
 [     94.624      411.81]
 [     193.88      405.32]
 [     132.26      413.84]
 [     154.33      414.24]
 [     55.673      444.33]
 [     217.92      443.52]]"
114,2.28,,0.0,0
116,2.32,,0.0,0
118,2.36,,0.0,0
120,2.4,,0.0,0
122,2.44,,0.0,0
124,2.48,,0.0,0
126,2.52,,0.0,0
128,2.56,,0.0,0
130,2.6,,0.0,0
132,2.64,,0.0,0
134,2.68,,0.0,0
136,2.72,,0.0,0
138,2.76,,0.0,0
140,2.8,,0.0,0
142,2.84,,0.0,0
144,2.88,,0.0,0
146,2.92,,0.0,0
148,2.96,,0.0,0
150,3.0,,0.005801077466458082,"[[     416.41      381.23]
 [     477.58      361.53]
 [     395.83      378.03]
 [     482.98      323.68]
 [     372.34      377.11]
 [     515.82      301.05]
 [     346.37      378.21]
 [      567.8       288.3]
 [     319.22      401.62]
 [     591.07      342.84]
 [     317.37      422.32]
 [     583.93       400.7]
 [     344.78       440.6]
 [      570.8      460.47]
 [     453.41      410.23]
 [     482.86       408.1]
 [     431.23      463.82]
 [     505.02      461.41]
 [     394.45      465.68]
 [     532.56      461.05]
 [     413.86      454.49]
 [      516.7      448.54]
 [     414.38      477.45]
 [      518.7      473.75]
 [     493.22      493.64]
 [     505.52      546.18]
 [     478.39      550.05]
 [     531.84      550.02]
 [     464.39      502.84]
 [     521.14      499.25]
 [     411.23      511.68]
 [     523.53      502.35]
 [     508.34      575.42]
 [     479.47      574.91]
 [     533.64      573.05]
 [     507.81      595.36]
 [     445.32      572.09]
 [     549.14      576.01]
 [     508.37      609.81]
 [     405.59      580.21]
 [     561.19      573.97]
 [     504.89      613.94]
 [     505.78      617.15]
 [     455.61      616.54]
 [     543.98      608.44]
 [     505.75      608.94]]"
152,3.04,,0.06436654180288315,"[[     425.08      416.53]
 [     470.94      358.25]
 [      411.1      381.63]
 [     486.39      322.44]
 [     390.99       350.2]
 [     520.51       304.7]
 [     361.88      321.83]
 [     560.01      298.37]
 [     337.03      372.89]
 [     578.57      351.98]
 [        323      426.91]
 [     577.17      404.78]
 [     332.65      480.42]
 [     562.44       461.8]
 [     450.06       417.3]
 [     489.13      408.54]
 [     429.66      463.04]
 [     508.36      460.36]
 [     395.43      463.26]
 [     536.66      462.04]
 [     413.58      451.96]
 [     521.48      449.43]
 [     413.13      475.61]
 [     521.91      473.06]
 [     500.94      490.84]
 [     509.62      538.04]
 [      486.8      540.19]
 [     532.49       541.5]
 [     477.92      499.13]
 [     524.79      496.53]
 [      411.8      505.83]
 [     525.89      502.49]
 [     510.55      562.69]
 [     483.71      563.39]
 [     535.57      564.18]
 [     510.03       586.6]
 [     448.22      565.82]
 [     546.84      571.78]
 [     509.72      599.66]
 [     410.03      572.41]
 [     555.84      573.68]
 [     505.86      607.68]
 [     505.96      610.68]
 [     445.61      610.21]
 [     540.93      604.29]
 [     507.74      600.55]]"
154,3.08,,0.0032122095581144094,"[[     415.61      416.75]
 [     452.29      350.18]
 [     406.81      383.19]
 [     474.15      319.24]
 [     389.47      347.74]
 [     515.97      339.47]
 [     364.67      320.34]
 [     565.89      361.15]
 [     337.41      371.81]
 [     576.98      367.26]
 [     318.46      418.59]
 [     563.46      397.65]
 [     328.17      470.83]
 [     539.11      442.56]
 [     443.26      417.33]
 [     483.97      417.35]
 [     418.72      460.86]
 [     503.85      466.97]
 [        388      458.51]
 [     531.97      471.49]
 [      405.3      450.43]
 [     517.76      455.91]
 [     402.42      471.72]
 [     516.57      479.78]
 [     500.04      492.82]
 [      509.8      535.33]
 [     487.65      538.36]
 [     531.61         539]
 [     479.02      499.17]
 [     522.68       497.6]
 [     399.81      501.37]
 [     515.24      514.19]
 [      511.6      557.93]
 [     486.29      557.93]
 [     532.85      558.41]
 [     509.34      579.37]
 [     450.67      562.62]
 [     544.67      570.71]
 [     508.38      595.31]
 [     403.14      572.06]
 [     554.17      571.15]
 [     504.23      603.57]
 [     504.45      605.93]
 [     445.41      606.45]
 [     540.05      604.55]
 [     506.41      597.54]]"
158,3.16,,0.0036693960428237915,"[[     389.41      421.18]
 [      457.9      297.65]
 [     378.78      379.76]
 [        464      351.84]
 [     359.01      348.45]
 [      494.9      422.98]
 [     331.99      321.51]
 [     550.12      499.39]
 [     308.79       375.7]
 [     563.74      396.28]
 [     289.81       431.6]
 [     528.18      324.31]
 [     294.56      485.69]
 [     472.27      287.86]
 [     420.49      411.08]
 [     471.37      420.23]
 [      397.2      460.99]
 [     489.07      464.48]
 [     364.95       458.6]
 [     516.87      466.23]
 [     382.71       449.4]
 [     502.98      453.66]
 [     379.51      470.85]
 [     503.65      475.76]
 [     479.22      486.96]
 [     490.65      529.88]
 [     468.06      532.45]
 [     514.79       534.4]
 [      455.9      494.49]
 [     504.18      491.26]
 [      376.7      502.11]
 [     504.94      504.51]
 [     492.43      554.65]
 [     465.52      555.36]
 [     518.41      554.76]
 [     492.66      577.11]
 [     429.81      560.68]
 [     529.15       566.9]
 [     492.15       590.7]
 [     390.08      567.24]
 [     539.35      566.66]
 [     490.04      599.99]
 [     489.85      601.86]
 [     426.15      603.02]
 [     521.11      597.69]
 [     490.51      592.73]]"
160,3.2,,0.0013908325927332044,"[[     394.77      409.96]
 [     418.96       349.1]
 [      382.3      374.09]
 [     428.88      338.78]
 [      357.8       340.5]
 [     470.05      365.17]
 [     331.81      310.87]
 [     522.77      388.02]
 [     311.14      365.31]
 [     553.78       371.1]
 [     300.36      420.36]
 [     534.77      366.34]
 [     308.26      473.34]
 [     493.69      397.57]
 [      419.6      418.99]
 [     462.36      424.62]
 [     399.57      461.76]
 [      478.2      467.13]
 [     375.56      458.57]
 [     505.94      469.64]
 [     389.54      450.91]
 [     492.42      457.62]
 [     386.12      469.92]
 [     491.82      478.07]
 [     475.17      475.74]
 [     484.78      518.75]
 [     463.94      519.53]
 [     506.49      522.51]
 [     453.41      482.49]
 [     499.51       480.8]
 [     380.12      494.44]
 [     492.74      506.47]
 [      486.3      538.67]
 [      462.3      539.25]
 [     508.15      539.62]
 [     485.74      558.49]
 [     429.47      545.58]
 [        521      554.08]
 [     484.31      576.63]
 [     392.21      554.23]
 [     526.34      555.59]
 [     482.92       588.8]
 [     482.57      591.74]
 [     424.56      587.21]
 [     512.39      582.25]
 [      483.5      578.87]]"
162,3.24,,0.07664859294891357,"[[     398.11      405.22]
 [     414.65      362.64]
 [     391.53      371.09]
 [     426.52      334.09]
 [     372.95       331.3]
 [     460.62      327.78]
 [     339.31      297.57]
 [     497.91      323.03]
 [     321.67       349.8]
 [      523.7         348]
 [     307.22      405.03]
 [     522.15      394.36]
 [     310.24      457.74]
 [      508.8      444.45]
 [     426.31      421.16]
 [     461.86      436.85]
 [     400.73      469.16]
 [     478.26      481.88]
 [     373.93      467.11]
 [     506.38      484.31]
 [     389.16      458.26]
 [     492.93       472.8]
 [     386.04      478.19]
 [     492.41      493.95]
 [     468.74      467.77]
 [     475.86      508.31]
 [     452.42      507.63]
 [      499.1      515.18]
 [     444.48      471.75]
 [     492.34      474.96]
 [     381.04      505.82]
 [     492.95      517.74]
 [     475.22      532.02]
 [     449.06      531.04]
 [     499.42      535.55]
 [     471.13      553.76]
 [     413.02      538.04]
 [     513.38      552.68]
 [     468.82      571.47]
 [     370.56      547.88]
 [     517.64      556.59]
 [     465.64      579.23]
 [     465.01      581.42]
 [     407.26      581.49]
 [     497.37      584.58]
 [     466.93       572.4]]"
164,3.28,,0.0012957642320543528,"[[     392.69      396.08]
 [     420.31      316.82]
 [     385.76      358.99]
 [     440.03      334.39]
 [     367.17      317.11]
 [     482.34      370.16]
 [     337.21      287.81]
 [     517.55      408.16]
 [     316.59      338.55]
 [     524.42       357.5]
 [     298.74      395.35]
 [     500.78      347.91]
 [     298.02      448.21]
 [     462.96      338.85]
 [     422.14      397.31]
 [      461.2      411.89]
 [     400.37      448.06]
 [     479.66      459.32]
 [     370.88      446.52]
 [     509.07      462.26]
 [     387.23      437.13]
 [     495.17      450.08]
 [     384.38      457.33]
 [     494.46      471.67]
 [      471.1      453.43]
 [     479.28      498.35]
 [     453.02      497.16]
 [     501.13         504]
 [     446.56      457.75]
 [     495.87         460]
 [     378.07      488.39]
 [     495.21      499.45]
 [     478.54      522.53]
 [     449.84      521.11]
 [     502.69      524.96]
 [     475.82      543.09]
 [     414.29      527.37]
 [     514.76       542.9]
 [     472.67       560.9]
 [     366.98      534.35]
 [     517.34      544.27]
 [     469.23      571.03]
 [     468.57      573.65]
 [      406.1      570.11]
 [     499.87      572.47]
 [     470.55      560.43]]"
166,3.32,,0.05358176678419113,"[[     389.18      370.51]
 [     435.57      329.56]
 [     371.04      334.14]
 [     445.11      291.55]
 [     348.75      303.92]
 [        457      254.04]
 [     315.27      278.08]
 [     473.32      209.66]
 [     301.51      325.22]
 [     487.46      276.15]
 [     290.23      376.34]
 [     502.57      324.16]
 [     295.84      426.77]
 [     518.11      379.84]
 [     417.99      373.76]
 [     437.01      361.16]
 [     393.81      424.24]
 [     465.13      417.51]
 [     362.61      428.05]
 [     498.65      412.63]
 [     376.93      415.56]
 [     479.55      400.58]
 [     378.94      437.11]
 [     483.56      427.68]
 [     457.41      442.54]
 [     481.89      488.77]
 [     456.11      494.47]
 [     503.84      491.16]
 [     431.56      451.55]
 [     485.66      443.36]
 [     379.41      473.31]
 [     491.38      460.61]
 [     486.49       512.3]
 [      456.7      514.51]
 [     508.73      511.24]
 [     487.35      535.78]
 [     426.64      520.98]
 [     521.06      513.65]
 [     486.81      548.38]
 [     369.27      541.05]
 [     532.38       512.6]
 [     485.08       560.6]
 [     485.26      566.45]
 [      426.1      567.84]
 [     523.67      552.56]
 [     484.99      552.33]]"
168,3.36,,0.0,0
170,3.4,,0.0,0
172,3.44,,0.0,0
174,3.48,,0.0,0
176,3.52,,0.0,0
178,3.56,,0.0,0
180,3.6,,0.0,0
182,3.64,,0.0,0
184,3.68,,0.0,0
186,3.72,,0.0,0
192,3.84,,0.0014695855788886547,"[[     553.67      313.47]
 [     620.31       293.7]
 [     535.37      319.54]
 [     616.86      257.94]
 [      507.3      316.43]
 [     625.69      219.75]
 [     467.93       321.4]
 [     638.12      176.94]
 [        469      340.89]
 [     660.05      240.78]
 [     489.46      353.47]
 [     670.67      281.49]
 [     521.63      370.96]
 [     681.86      328.79]
 [     622.91      327.34]
 [     645.57      329.59]
 [     613.57      381.92]
 [     675.28      365.82]
 [     587.45      386.44]
 [     701.52      361.72]
 [     598.08       375.9]
 [      685.3      353.07]
 [     601.49      394.65]
 [     691.55      372.74]
 [     682.04      384.87]
 [     709.44      425.43]
 [     687.61      430.46]
 [     729.51      426.35]
 [     661.19      396.16]
 [     707.57      384.99]
 [     603.95       421.3]
 [     702.56      393.91]
 [     714.39      450.93]
 [     691.25      454.54]
 [     733.97      448.06]
 [     715.77       470.3]
 [     656.12      450.89]
 [     739.47      437.73]
 [     715.94      484.05]
 [     607.25      489.27]
 [      751.8      448.73]
 [     712.97      486.03]
 [     713.75      493.96]
 [      660.8      508.68]
 [     743.04      485.88]
 [     714.82      480.38]]"
194,3.88,,0.0033454401418566704,"[[     547.67      314.87]
 [      617.1      290.91]
 [     526.55      309.61]
 [     615.49       255.7]
 [     498.55      303.76]
 [      625.8      218.23]
 [     462.51      306.25]
 [     637.15      175.56]
 [     469.47      339.21]
 [     660.29      239.78]
 [     484.48      364.91]
 [     672.55      280.44]
 [     514.61      389.46]
 [     684.14      327.18]
 [     621.15      324.67]
 [     647.42      331.51]
 [     611.58      381.46]
 [     675.72      365.83]
 [     588.18      385.24]
 [     701.85      358.87]
 [     597.84      376.06]
 [     685.72      352.58]
 [     601.96      393.72]
 [     691.79      370.49]
 [     685.21      384.96]
 [     711.83      423.73]
 [     688.33      429.75]
 [     731.52      425.63]
 [     663.67      395.29]
 [     710.42         385]
 [     603.31      417.94]
 [     701.13      392.22]
 [      715.2      449.76]
 [      692.3      453.76]
 [     735.76      446.83]
 [     716.86      470.92]
 [      657.5       452.2]
 [     742.31       437.6]
 [     717.08      483.69]
 [     610.62      488.77]
 [     754.54      446.31]
 [     715.32      485.38]
 [     715.87      491.61]
 [        661       510.4]
 [      747.8      485.85]
 [     715.41      480.12]]"
196,3.92,,0.0,0
198,3.96,,0.0,0
200,4.0,,0.0,0
202,4.04,,0.0,0
204,4.08,,0.0,0
206,4.12,,0.0,0
208,4.16,,0.0,0
210,4.2,,0.0,0
212,4.24,,0.0,0
214,4.28,,0.0,0
216,4.32,,0.0,0
218,4.36,,0.0,0
220,4.4,,0.0,0
222,4.44,,0.0,0
224,4.48,,0.0,0
226,4.52,,0.0,0
228,4.56,,0.0,0
230,4.6,,0.0,0
232,4.64,,0.0,0
234,4.68,,0.0,0
236,4.72,,0.0,0
238,4.76,,0.0,0
240,4.8,,0.0,0
242,4.84,,0.0,0
244,4.88,,0.0,0
246,4.92,,0.0,0
248,4.96,,0.0,0
250,5.0,,0.0,0
252,5.04,,0.0,0
254,5.08,,0.0,0
256,5.12,,0.0,0
258,5.16,,0.0,0
266,5.32,,0.0,0
268,5.36,,0.0,0
270,5.4,,0.0,0
272,5.44,,0.0,0
274,5.48,,0.0,0
278,5.56,,0.0,0
288,5.76,,0.000130310480017215,"[[     529.17      339.27]
 [      644.8      291.57]
 [     495.26       313.9]
 [     628.19       284.4]
 [     463.06      302.63]
 [     632.19      271.64]
 [     425.43      299.71]
 [     646.12       238.4]
 [     443.19      347.96]
 [     664.03      260.19]
 [     452.85      385.41]
 [     654.63      283.68]
 [     486.03      415.18]
 [     661.79      281.22]
 [     613.57      315.34]
 [     620.64       312.4]
 [     603.89       363.4]
 [     656.88      346.53]
 [     575.56      374.93]
 [     681.98      337.51]
 [     586.12      361.08]
 [     665.57      332.53]
 [     592.23      378.98]
 [     674.69      351.06]
 [     691.65      378.13]
 [     723.46      409.15]
 [     698.75      420.37]
 [     743.42      409.36]
 [     672.24      390.39]
 [     714.33      374.74]
 [     597.92      406.83]
 [     687.72      377.12]
 [      731.9         435]
 [        705       443.1]
 [     750.75      429.19]
 [     734.41      458.16]
 [     671.16      451.52]
 [     754.73      421.99]
 [     735.96       471.6]
 [     617.73       496.1]
 [     767.86      437.73]
 [     737.66      480.91]
 [     738.95      488.88]
 [     682.75      508.57]
 [     763.74      475.48]
 [     734.35      470.21]]"
292,5.84,,0.0,0
294,5.88,,0.0,0
296,5.92,,3.85539278795477e-05,"[[     575.14       304.4]
 [      634.7       287.1]
 [     553.81      269.66]
 [     634.53      260.06]
 [     527.14      235.94]
 [     649.12      224.01]
 [     487.18       211.8]
 [     665.08      193.12]
 [     490.35      274.65]
 [     689.16      241.47]
 [     503.23      320.86]
 [     689.79      285.11]
 [     527.14      363.42]
 [     696.41      316.21]
 [     611.03      307.17]
 [     633.33      294.33]
 [     606.32      356.07]
 [     671.53      334.74]
 [     579.74      363.08]
 [     697.91      330.24]
 [     590.64      350.21]
 [     681.61      322.03]
 [     594.49      369.69]
 [     687.34       342.2]
 [     679.41      342.55]
 [     696.68      376.25]
 [     674.47         385]
 [     719.11       377.1]
 [     659.12      355.33]
 [     701.13      343.73]
 [      596.7      397.37]
 [     696.09      369.71]
 [     701.72      401.28]
 [     679.92      406.19]
 [     723.14      395.79]
 [     705.98      421.27]
 [     652.38      419.47]
 [     735.32      393.17]
 [      710.1      439.32]
 [     617.96      468.67]
 [      755.2       413.9]
 [     710.98      447.66]
 [     713.49      453.96]
 [     669.92      476.94]
 [     739.91      445.74]
 [     709.14      439.03]]"
300,6.0,,0.0016210228204727173,"[[     451.71       200.8]
 [     552.93      213.98]
 [     427.57      187.45]
 [     561.05      225.96]
 [     409.75       181.5]
 [     569.52      226.59]
 [     387.89       180.3]
 [     588.54         216]
 [     391.26       210.1]
 [        590      216.36]
 [     395.96      225.99]
 [     571.56      216.95]
 [     407.61      246.63]
 [     555.95      199.76]
 [     476.59         237]
 [     495.86      224.94]
 [     470.56      271.16]
 [     524.09      256.67]
 [     450.25      280.26]
 [     550.53      250.32]
 [     455.59      266.85]
 [     535.06       240.8]
 [      463.2      283.87]
 [     541.39      262.07]
 [     494.85      240.04]
 [      501.8      259.04]
 [     487.05      266.38]
 [     517.16       259.1]
 [     483.02      246.69]
 [     507.93      238.97]
 [     466.49      304.95]
 [     548.97      283.79]
 [     503.63      278.12]
 [     489.91      280.33]
 [     521.79      271.81]
 [     509.51      293.41]
 [     488.58         291]
 [     539.74      277.92]
 [     511.77      304.76]
 [     468.57      336.79]
 [     570.14      294.42]
 [     515.46      313.25]
 [     518.73      319.94]
 [     498.04      333.45]
 [     550.91      321.05]
 [     510.91      306.95]]"
302,6.04,,1.3390330195761635e-06,"[[     565.54      276.36]
 [     615.58      266.96]
 [     543.34      251.01]
 [     627.96       256.9]
 [     520.34      223.12]
 [     647.11      241.63]
 [     483.26      200.36]
 [     672.82      235.79]
 [     480.85      250.52]
 [     666.98      269.68]
 [     497.24      287.42]
 [     659.37      285.63]
 [     519.55      324.59]
 [     653.67      295.45]
 [     580.21      282.63]
 [     601.28      281.19]
 [     566.95      323.82]
 [     620.27      319.16]
 [     550.88      322.52]
 [     640.53      318.64]
 [     559.13      317.69]
 [     630.74      311.32]
 [     557.58      329.31]
 [     631.67      325.73]
 [     610.53      323.33]
 [     615.64      346.52]
 [     602.66      348.54]
 [     626.96      348.68]
 [     596.62      326.67]
 [     626.07      324.44]
 [      556.5      349.19]
 [     634.75      349.06]
 [     616.17      360.51]
 [     603.97      360.44]
 [     628.61      357.35]
 [     617.03      370.41]
 [     588.73         370]
 [     648.47      366.82]
 [     616.94      380.95]
 [     573.95      398.26]
 [      657.8      388.76]
 [      617.3      387.67]
 [     618.58      394.17]
 [     600.95      396.73]
 [      636.7      392.03]
 [     617.98       387.5]]"
304,6.08,,6.449556053667038e-07,"[[     562.29       266.9]
 [     606.67       261.1]
 [     537.19      231.73]
 [     623.77      253.39]
 [     511.56      204.36]
 [      644.2      241.12]
 [      474.5       184.1]
 [     672.46      238.99]
 [     467.94      235.39]
 [     665.45      268.04]
 [     488.25      277.82]
 [     652.68      287.79]
 [     511.18      318.86]
 [     643.02       298.7]
 [     576.17      267.84]
 [     592.46      269.02]
 [     561.75      303.32]
 [      608.4      301.77]
 [     540.63      298.68]
 [     630.09      302.36]
 [     552.28      294.22]
 [      619.8      293.72]
 [     548.62      308.38]
 [     620.11      309.68]
 [     600.52      304.43]
 [     606.44      322.12]
 [      592.3      324.03]
 [     616.96      326.23]
 [     588.13      307.53]
 [     613.74      307.48]
 [     549.48      329.23]
 [     621.32      330.73]
 [     603.74      335.19]
 [     591.56      333.81]
 [     615.85      334.42]
 [      603.4      346.39]
 [     576.61       342.7]
 [     632.38      343.89]
 [     602.84      358.34]
 [     556.53      369.33]
 [     639.05      365.34]
 [     603.72      364.64]
 [     603.67         371]
 [     584.79      371.31]
 [     621.18      370.83]
 [     604.11       364.4]]"
306,6.12,,1.2570021681312937e-06,"[[      555.7      256.15]
 [     602.92      261.07]
 [     529.42      222.84]
 [     618.76      252.52]
 [     504.08      197.57]
 [     637.38      244.23]
 [     468.68      178.13]
 [     661.14      238.05]
 [     462.47      225.57]
 [     657.01      265.59]
 [     479.98      267.83]
 [     646.76      281.75]
 [     502.39      309.46]
 [     636.57      291.72]
 [     564.41      267.82]
 [     578.98       257.3]
 [     555.58      297.77]
 [     596.61      294.57]
 [     532.19      291.19]
 [     616.83       293.1]
 [     544.09       287.7]
 [     606.36      285.12]
 [      540.5      300.77]
 [      608.4      300.84]
 [     584.53      289.62]
 [     589.47      308.42]
 [     574.88      310.86]
 [     600.86      311.99]
 [     570.51      293.83]
 [     600.07       292.6]
 [     542.47      317.57]
 [     608.58      320.51]
 [      587.3      323.03]
 [     574.72      322.22]
 [     599.23      321.91]
 [     586.91      336.05]
 [     557.73      331.21]
 [     616.56      331.91]
 [     586.78      347.91]
 [     539.78      351.24]
 [     621.22      353.79]
 [     588.48      357.28]
 [      589.1      362.86]
 [     563.58       361.1]
 [     603.42      360.09]
 [     589.25      354.31]]"
308,6.16,,0.007856171578168869,"[[     551.53      254.46]
 [     592.37      279.43]
 [     530.83      222.52]
 [     616.41      271.94]
 [     504.95      188.36]
 [     645.46      266.59]
 [     474.09      157.19]
 [     676.96      272.44]
 [     462.63      207.46]
 [     656.08      301.13]
 [     474.51      258.42]
 [     631.69      322.04]
 [     489.65      300.17]
 [     608.82      332.84]
 [     548.68      244.18]
 [     547.53      254.95]
 [      518.5      277.64]
 [     551.06      290.56]
 [      499.7      268.42]
 [     568.26      298.79]
 [     510.79      267.36]
 [     563.73      287.53]
 [        506      279.67]
 [      557.7      302.18]
 [     543.94      265.38]
 [     535.17       284.1]
 [     518.56      282.25]
 [     549.33      292.46]
 [     524.91      263.42]
 [     560.16      273.42]
 [      499.4      297.77]
 [     553.14      322.06]
 [     525.68      297.83]
 [     513.95       296.8]
 [     541.71      304.88]
 [     522.46      314.89]
 [     499.91      298.81]
 [     560.84      315.71]
 [     519.47      325.71]
 [     478.92      323.05]
 [     586.75      350.35]
 [     517.69      332.94]
 [      517.4      339.08]
 [     494.51      333.04]
 [     553.42      354.39]
 [     517.22      329.68]]"
310,6.2,,0.0,0
312,6.24,,0.0,0
314,6.28,,0.0,0
316,6.32,,0.0,0
318,6.36,,0.0,0
320,6.4,,0.0,0
322,6.44,,0.0,0
324,6.48,,0.0,0
326,6.52,,0.0,0
328,6.56,,0.0,0
330,6.6,,0.0,0
332,6.64,,0.0,0
